{
"__comment": "Copyright 2018 Filmjolk David Grindholmen",
    "ambientocclusion": true,
    "parent": "block/block",
    "elements": [
        {   "from": [ 0, 0, 0 ],
            "to": [ 16, 16, 16 ],
			"shade": false,
            "faces": {
                "down":  { "texture": "#down" },
                "up":    { "texture": "#up" },
                "north": { "texture": "#north" },
                "south": { "texture": "#south" },
                "west":  { "texture": "#west" },
                "east":  { "texture": "#east" }
            }
        }
    ]
}
