{
  "variants": {
    "contents=empty": {
      "model": "block/flower_pot"
    },
    "contents=rose": [
      {
        "model": "block/flower_pot_rose"
      },
      {
        "model": "block/flower_pot_rose/0"
      }
    ],
    "contents=blue_orchid": [
      {
        "model": "block/flower_pot_orchid"
      },
      {
        "model": "block/flower_pot_orchid/0"
      },
      {
        "model": "block/flower_pot_orchid/1"
      }
    ],
    "contents=allium": [
      {
        "model": "block/flower_pot_allium"
      },
      {
        "model": "block/flower_pot_allium/0"
      },
      {
        "model": "block/flower_pot_allium/1"
      }
    ],
    "contents=houstonia": [
      {
        "model": "block/flower_pot_houstonia"
      },
      {
        "model": "block/flower_pot_houstonia/0"
      }
    ],
    "contents=red_tulip": {
      "model": "block/flower_pot_tulip_red"
    },
    "contents=orange_tulip": {
      "model": "block/flower_pot_tulip_orange"
    },
    "contents=white_tulip": {
      "model": "block/flower_pot_tulip_white"
    },
    "contents=pink_tulip": {
      "model": "block/flower_pot_tulip_pink"
    },
    "contents=oxeye_daisy": [
      {
        "model": "block/flower_pot_daisy"
      },
      {
        "model": "block/flower_pot_daisy/0"
      },
      {
        "model": "block/flower_pot_daisy/1"
      }
    ],
    "contents=dandelion": [
      {
        "model": "block/flower_pot_dandelion"
      },
      {
        "model": "block/flower_pot_dandelion/0"
      },
      {
        "model": "block/flower_pot_dandelion/1"
      },
      {
        "model": "block/flower_pot_dandelion/2"
      }
    ],
    "contents=oak_sapling": {
      "model": "block/flower_pot_oak"
    },
    "contents=spruce_sapling": {
      "model": "block/flower_pot_spruce"
    },
    "contents=birch_sapling": {
      "model": "block/flower_pot_birch"
    },
    "contents=jungle_sapling": {
      "model": "block/flower_pot_jungle"
    },
    "contents=acacia_sapling": {
      "model": "block/flower_pot_acacia"
    },
    "contents=dark_oak_sapling": {
      "model": "block/flower_pot_dark_oak"
    },
    "contents=mushroom_red": [
      {
        "model": "block/flower_pot_mushroom_red"
      },
      {
        "model": "block/flower_pot_mushroom_red/0"
      },
      {
        "model": "block/flower_pot_mushroom_red/1"
      },
      {
        "model": "block/flower_pot_mushroom_red/2"
      }
    ],
    "contents=mushroom_brown": [
      {
        "model": "block/flower_pot_mushroom_brown"
      },
      {
        "model": "block/flower_pot_mushroom_brown/0"
      },
      {
        "model": "block/flower_pot_mushroom_brown/1"
      },
      {
        "model": "block/flower_pot_mushroom_brown/2"
      }
    ],
    "contents=dead_bush": {
      "model": "block/flower_pot_dead_bush"
    },
    "contents=fern": {
      "model": "block/flower_pot_fern"
    },
    "contents=cactus": {
      "model": "block/flower_pot_cactus"
    }
  }
}
